first_name,last_name,department,salary,employee_id
Edward,Conway,Governance,15000,8208
William,Castro,Governance,15000,16518
Dustin,Stewart,Governance,26500,7419
Jesse,Rowland,Governance,37000,9975
Karen,Webster,Governance,15000,15108
Sonya,Parker,Governance,32000,1652
Desiree,Stewart,Governance,29000,12021
William,Gonzales,Governance,15000,1905
Sarah,Branch,Governance,22000,17171
Andrew,Stanley,Governance,19500,7951
Harold,Chavez,Governance,32500,6946
Anthony,Brown,Governance,15000,5333
Melissa,Lucero,Governance,21500,7442
Alexis,Allen,Governance,30500,13100
Jeff,Mitchell,Governance,28000,3129
Tina,Whitney,Governance,15000,4234
Lorraine,Villanueva,Governance,26500,17052
Beth,Rivera,Governance,15000,10515
Jason,Potter,Governance,19500,19029
Amanda,Miranda,Governance,15000,6420
Nicole,Carroll,Governance,15000,8927
Crystal,Romero,Governance,23000,11821
Michael,Moon,Governance,23000,10161
William,Strong,Governance,15000,8240
Robert,Ortiz,Governance,30500,9728
Robert,Gibson,Governance,32000,1678
Nancy,Church,Governance,15000,14307
Kelly,Colon,Governance,40000,12877
Bruce,Mcdonald,Governance,22500,2397
Erica,Rose,Governance,15000,9391
Margaret,Small,Governance,15000,8798
Debbie,Chaney,Governance,23500,2734
Mia,Jones,Governance,29500,17
Cody,Brooks,Governance,15500,7819
Maria,Hernandez,Governance,15000,6184
Kevin,Ellis,Governance,15000,1478
Dylan,Diaz,Governance,15000,11822
Travis,Mcdonald,Governance,21000,16007
Elizabeth,Obrien,Governance,21500,6620
Debra,Smith,Governance,16000,13541
Susan,Smith,Governance,25000,16614
Roger,Brown,Governance,17000,6926
Tyler,Allen,Governance,15000,18334
Angela,Taylor,Governance,36000,8191
Erik,Mcintosh,Governance,34000,12364
Heather,Carlson,Governance,22000,8565
Hannah,Shelton,Governance,15000,18325
Jason,Whitehead,Governance,17000,19443
Donna,Jones,Governance,28000,18503
Daniel,Foster,Governance,23500,9918
Craig,Dunn,Governance,15000,16466
Victoria,Allen,Governance,22000,5948
Jesus,Davis,Governance,17500,17781
Lynn,Gross,Governance,15500,5949
Michael,Briggs,Governance,27000,3098
John,Day,Governance,18000,16155
Jared,Huang,Governance,17500,14832
Lauren,Le,Governance,15000,7666
Paula,King,Governance,15000,16587
William,Rodriguez,Governance,15000,13955
Traci,Fields,Governance,32000,4990
William,Bailey,Governance,15000,2733
Anthony,Mitchell,Governance,15000,19558
Nicole,Bentley,Governance,21000,14786
Robert,Douglas,Governance,23000,2405
Howard,Meyer,Governance,23500,6018
Melissa,Gentry,Governance,15000,16407
Stacey,Singleton,Governance,15000,2064
Sharon,Vargas,Governance,22000,6274
Tina,Davidson,Governance,15500,15372
Kurt,Sutton,Governance,16000,6374
Jennifer,Lee,Governance,15000,11982
James,Copeland,Governance,30000,3005
Patrick,Hart,Governance,15000,18206
Kelly,Richard,Governance,15000,9150
Noah,Sharp,Governance,34500,15903
Paul,Hernandez,Governance,23000,243
Lindsay,Green,Governance,19500,19468
Jacqueline,Wyatt,Governance,15000,6081
Kimberly,Terry,Governance,28500,4377
Darrell,Wright,Governance,25000,3924
Theresa,Lopez,Governance,25000,6546
Darlene,Cruz,Governance,19500,3969
Maurice,Lowe,Governance,15000,10438
Jamie,Jackson,Governance,25000,10567
Joseph,Martin,Governance,22000,6674
Jacob,Ho,Governance,22500,14278
Todd,Dunlap,Governance,28000,15932
